Model,Test,Best Iter,Time,Seed,Run CMD
,"HR@5:0.2065,NDCG@5:0.1301,HR@10:0.3347,NDCG@10:0.1713,HR@20:0.4859,NDCG@20:0.2096,HR@50:0.6896,NDCG@50:0.2499",,,0,python main.py --model_name POP --train 0 --dataset 'Grocery_and_Gourmet_Food' --random_seed 0 --gpu 0
,"HR@5:0.2065,NDCG@5:0.1301,HR@10:0.3347,NDCG@10:0.1713,HR@20:0.4859,NDCG@20:0.2096,HR@50:0.6896,NDCG@50:0.2499",,,1,python main.py --model_name POP --train 0 --dataset 'Grocery_and_Gourmet_Food' --random_seed 1 --gpu 0
,"HR@5:0.2065,NDCG@5:0.1301,HR@10:0.3347,NDCG@10:0.1713,HR@20:0.4859,NDCG@20:0.2096,HR@50:0.6896,NDCG@50:0.2499",,,2,python main.py --model_name POP --train 0 --dataset 'Grocery_and_Gourmet_Food' --random_seed 2 --gpu 0
,"HR@5:0.2065,NDCG@5:0.1301,HR@10:0.3347,NDCG@10:0.1713,HR@20:0.4859,NDCG@20:0.2096,HR@50:0.6896,NDCG@50:0.2499",,,3,python main.py --model_name POP --train 0 --dataset 'Grocery_and_Gourmet_Food' --random_seed 3 --gpu 0
,"HR@5:0.2065,NDCG@5:0.1301,HR@10:0.3347,NDCG@10:0.1713,HR@20:0.4859,NDCG@20:0.2096,HR@50:0.6896,NDCG@50:0.2499",,,4,python main.py --model_name POP --train 0 --dataset 'Grocery_and_Gourmet_Food' --random_seed 4 --gpu 0
POP,"0.2065,0.1301,0.3347,0.1713,0.4859,0.2096,0.6896,0.2499",,,,
,,,,,
,,,,,
,,,,,
,"HR@5:0.3556,NDCG@5:0.2496,HR@10:0.4615,NDCG@10:0.2840,HR@20:0.5723,NDCG@20:0.3120,HR@50:0.7788,NDCG@50:0.3526",194,459.7,0,python main.py --model_name BPRMF --emb_size 64 --lr 1e-3 --l2 1e-6 --dataset 'Grocery_and_Gourmet_Food' --random_seed 0 --gpu 0
,"HR@5:0.3547,NDCG@5:0.2487,HR@10:0.4607,NDCG@10:0.2832,HR@20:0.5688,NDCG@20:0.3104,HR@50:0.7801,NDCG@50:0.3519",115,310.3,1,python main.py --model_name BPRMF --emb_size 64 --lr 1e-3 --l2 1e-6 --dataset 'Grocery_and_Gourmet_Food' --random_seed 1 --gpu 0
,"HR@5:0.3614,NDCG@5:0.2520,HR@10:0.4656,NDCG@10:0.2858,HR@20:0.5705,NDCG@20:0.3122,HR@50:0.7788,NDCG@50:0.3532",200,465.0,2,python main.py --model_name BPRMF --emb_size 64 --lr 1e-3 --l2 1e-6 --dataset 'Grocery_and_Gourmet_Food' --random_seed 2 --gpu 0
,"HR@5:0.3528,NDCG@5:0.2470,HR@10:0.4628,NDCG@10:0.2827,HR@20:0.5716,NDCG@20:0.3101,HR@50:0.7801,NDCG@50:0.3510",170,449.6,3,python main.py --model_name BPRMF --emb_size 64 --lr 1e-3 --l2 1e-6 --dataset 'Grocery_and_Gourmet_Food' --random_seed 3 --gpu 0
,"HR@5:0.3498,NDCG@5:0.2458,HR@10:0.4580,NDCG@10:0.2809,HR@20:0.5689,NDCG@20:0.3089,HR@50:0.7764,NDCG@50:0.3497",165,437.0,4,python main.py --model_name BPRMF --emb_size 64 --lr 1e-3 --l2 1e-6 --dataset 'Grocery_and_Gourmet_Food' --random_seed 4 --gpu 0
BPRMF,"0.3549,0.2486,0.4617,0.2833,0.5704,0.3107,0.7788,0.3517",,,,
,,,,,
,,,,,
,,,,,
,"HR@5:0.3259,NDCG@5:0.2233,HR@10:0.4380,NDCG@10:0.2597,HR@20:0.5497,NDCG@20:0.2879,HR@50:0.7602,NDCG@50:0.3293",32,166.4,0,python main.py --model_name NeuMF --emb_size 64 --layers '[64]' --lr 5e-4 --l2 1e-7 --dropout 0.2 --dataset 'Grocery_and_Gourmet_Food' --random_seed 0 --gpu 0
,"HR@5:0.3210,NDCG@5:0.2203,HR@10:0.4339,NDCG@10:0.2570,HR@20:0.5467,NDCG@20:0.2854,HR@50:0.7510,NDCG@50:0.3257",23,135.7,1,python main.py --model_name NeuMF --emb_size 64 --layers '[64]' --lr 5e-4 --l2 1e-7 --dropout 0.2 --dataset 'Grocery_and_Gourmet_Food' --random_seed 1 --gpu 0
,"HR@5:0.3263,NDCG@5:0.2233,HR@10:0.4325,NDCG@10:0.2578,HR@20:0.5420,NDCG@20:0.2854,HR@50:0.7467,NDCG@50:0.3256",17,116.3,2,python main.py --model_name NeuMF --emb_size 64 --layers '[64]' --lr 5e-4 --l2 1e-7 --dropout 0.2 --dataset 'Grocery_and_Gourmet_Food' --random_seed 2 --gpu 0
,"HR@5:0.3222,NDCG@5:0.2222,HR@10:0.4351,NDCG@10:0.2589,HR@20:0.5481,NDCG@20:0.2874,HR@50:0.7576,NDCG@50:0.3287",32,163.6,3,python main.py --model_name NeuMF --emb_size 64 --layers '[64]' --lr 5e-4 --l2 1e-7 --dropout 0.2 --dataset 'Grocery_and_Gourmet_Food' --random_seed 3 --gpu 0
,"HR@5:0.3229,NDCG@5:0.2213,HR@10:0.4347,NDCG@10:0.2576,HR@20:0.5513,NDCG@20:0.2870,HR@50:0.7562,NDCG@50:0.3274",36,177.1,4,python main.py --model_name NeuMF --emb_size 64 --layers '[64]' --lr 5e-4 --l2 1e-7 --dropout 0.2 --dataset 'Grocery_and_Gourmet_Food' --random_seed 4 --gpu 0
NeuMF,"0.3237,0.2221,0.4348,0.2582,0.5476,0.2866,0.7543,0.3273",,,,
,,,,,
,,,,,
,,,,,
,"HR@5:0.4193,NDCG@5:0.2975,HR@10:0.5432,NDCG@10:0.3376,HR@20:0.6698,NDCG@20:0.3697,HR@50:0.8491,NDCG@50:0.4053",104,1678.4,0,python main.py --model_name CFKG --emb_size 64 --margin 1 --include_attr 1 --lr 1e-4 --l2 1e-8 --dataset 'Grocery_and_Gourmet_Food' --random_seed 0 --gpu 0
,"HR@5:0.4252,NDCG@5:0.3020,HR@10:0.5452,NDCG@10:0.3408,HR@20:0.6742,NDCG@20:0.3734,HR@50:0.8521,NDCG@50:0.4087",101,1660.1,1,python main.py --model_name CFKG --emb_size 64 --margin 1 --include_attr 1 --lr 1e-4 --l2 1e-8 --dataset 'Grocery_and_Gourmet_Food' --random_seed 1 --gpu 0
,"HR@5:0.4214,NDCG@5:0.2990,HR@10:0.5447,NDCG@10:0.3390,HR@20:0.6679,NDCG@20:0.3701,HR@50:0.8492,NDCG@50:0.4060",103,1681.5,2,python main.py --model_name CFKG --emb_size 64 --margin 1 --include_attr 1 --lr 1e-4 --l2 1e-8 --dataset 'Grocery_and_Gourmet_Food' --random_seed 2 --gpu 0
,"HR@5:0.4177,NDCG@5:0.2971,HR@10:0.5446,NDCG@10:0.3381,HR@20:0.6668,NDCG@20:0.3691,HR@50:0.8490,NDCG@50:0.4052",114,1870.9,3,python main.py --model_name CFKG --emb_size 64 --margin 1 --include_attr 1 --lr 1e-4 --l2 1e-8 --dataset 'Grocery_and_Gourmet_Food' --random_seed 3 --gpu 0
,"HR@5:0.4160,NDCG@5:0.2963,HR@10:0.5434,NDCG@10:0.3375,HR@20:0.6745,NDCG@20:0.3706,HR@50:0.8510,NDCG@50:0.4056",102,1655.9,4,python main.py --model_name CFKG --emb_size 64 --margin 1 --include_attr 1 --lr 1e-4 --l2 1e-8 --dataset 'Grocery_and_Gourmet_Food' --random_seed 4 --gpu 0
CFKG,"0.4199,0.2984,0.5442,0.3386,0.6706,0.3706,0.8501,0.4062",,,,
,,,,,
,,,,,
,,,,,
,"HR@5:0.3732,NDCG@5:0.2596,HR@10:0.4874,NDCG@10:0.2966,HR@20:0.6055,NDCG@20:0.3263,HR@50:0.8124,NDCG@50:0.3671",51,556.9,0,python main.py --model_name LightGCN --emb_size 64 --n_layers 3 --lr 1e-3 --l2 1e-8 --dataset 'Grocery_and_Gourmet_Food' --random_seed 0 --gpu 0
,"HR@5:0.3701,NDCG@5:0.2552,HR@10:0.4863,NDCG@10:0.2930,HR@20:0.6098,NDCG@20:0.3242,HR@50:0.8202,NDCG@50:0.3657",40,387.8,1,python main.py --model_name LightGCN --emb_size 64 --n_layers 3 --lr 1e-3 --l2 1e-8 --dataset 'Grocery_and_Gourmet_Food' --random_seed 1 --gpu 0
,"HR@5:0.3699,NDCG@5:0.2555,HR@10:0.4888,NDCG@10:0.2942,HR@20:0.6104,NDCG@20:0.3248,HR@50:0.8196,NDCG@50:0.3661",41,382.3,2,python main.py --model_name LightGCN --emb_size 64 --n_layers 3 --lr 1e-3 --l2 1e-8 --dataset 'Grocery_and_Gourmet_Food' --random_seed 2 --gpu 0
,"HR@5:0.3688,NDCG@5:0.2560,HR@10:0.4928,NDCG@10:0.2964,HR@20:0.6109,NDCG@20:0.3261,HR@50:0.8203,NDCG@50:0.3675",28,299.5,3,python main.py --model_name LightGCN --emb_size 64 --n_layers 3 --lr 1e-3 --l2 1e-8 --dataset 'Grocery_and_Gourmet_Food' --random_seed 3 --gpu 0
,"HR@5:0.3703,NDCG@5:0.2557,HR@10:0.4932,NDCG@10:0.2958,HR@20:0.6115,NDCG@20:0.3255,HR@50:0.8188,NDCG@50:0.3666",35,343.3,4,python main.py --model_name LightGCN --emb_size 64 --n_layers 3 --lr 1e-3 --l2 1e-8 --dataset 'Grocery_and_Gourmet_Food' --random_seed 4 --gpu 0
LightGCN,"0.3705,0.2564,0.4897,0.2952,0.6096,0.3254,0.8183,0.3666",,,,
,,,,,
,,,,,
,,,,,
,"HR@5:0.3673,NDCG@5:0.2543,HR@10:0.4893,NDCG@10:0.2940,HR@20:0.6005,NDCG@20:0.3221,HR@50:0.7960,NDCG@50:0.3607",178,596.7,0,python main.py --model_name BUIR --emb_size 64 --lr 1e-3 --l2 1e-6 --dataset 'Grocery_and_Gourmet_Food' --random_seed 0 --gpu 0
,"HR@5:0.3698,NDCG@5:0.2567,HR@10:0.4912,NDCG@10:0.2962,HR@20:0.6055,NDCG@20:0.3251,HR@50:0.8026,NDCG@50:0.3638",127,434.0,1,python main.py --model_name BUIR --emb_size 64 --lr 1e-3 --l2 1e-6 --dataset 'Grocery_and_Gourmet_Food' --random_seed 1 --gpu 0
,"HR@5:0.3668,NDCG@5:0.2545,HR@10:0.4876,NDCG@10:0.2939,HR@20:0.6020,NDCG@20:0.3228,HR@50:0.8018,NDCG@50:0.3623",70,270.1,2,python main.py --model_name BUIR --emb_size 64 --lr 1e-3 --l2 1e-6 --dataset 'Grocery_and_Gourmet_Food' --random_seed 2 --gpu 0
,"HR@5:0.3729,NDCG@5:0.2599,HR@10:0.4955,NDCG@10:0.2996,HR@20:0.6077,NDCG@20:0.3279,HR@50:0.8029,NDCG@50:0.3665",188,599.8,3,python main.py --model_name BUIR --emb_size 64 --lr 1e-3 --l2 1e-6 --dataset 'Grocery_and_Gourmet_Food' --random_seed 3 --gpu 0
,"HR@5:0.3737,NDCG@5:0.2582,HR@10:0.5020,NDCG@10:0.2999,HR@20:0.6119,NDCG@20:0.3276,HR@50:0.8068,NDCG@50:0.3661",196,620.0,4,python main.py --model_name BUIR --emb_size 64 --lr 1e-3 --l2 1e-6 --dataset 'Grocery_and_Gourmet_Food' --random_seed 4 --gpu 0
BUIR,"0.3701,0.2567,0.4931,0.2967,0.6055,0.3251,0.8020,0.3639",,,,
,,,,,
,,,,,
,,,,,
,"HR@5:0.3918,NDCG@5:0.2784,HR@10:0.5044,NDCG@10:0.3149,HR@20:0.6178,NDCG@20:0.3435,HR@50:0.8221,NDCG@50:0.3839",136,497.4,0,python main.py --model_name DirectAU --emb_size 64 --lr 1e-3 --l2 1e-5 --gamma 0.3 --epoch 500 --dataset 'Grocery_and_Gourmet_Food' --random_seed 0 --gpu 0
,"HR@5:0.3908,NDCG@5:0.2776,HR@10:0.5039,NDCG@10:0.3143,HR@20:0.6205,NDCG@20:0.3437,HR@50:0.8201,NDCG@50:0.3831",129,477.1,1,python main.py --model_name DirectAU --emb_size 64 --lr 1e-3 --l2 1e-5 --gamma 0.3 --epoch 500 --dataset 'Grocery_and_Gourmet_Food' --random_seed 1 --gpu 0
,"HR@5:0.3898,NDCG@5:0.2770,HR@10:0.5041,NDCG@10:0.3140,HR@20:0.6192,NDCG@20:0.3430,HR@50:0.8213,NDCG@50:0.3829",119,447.1,2,python main.py --model_name DirectAU --emb_size 64 --lr 1e-3 --l2 1e-5 --gamma 0.3 --epoch 500 --dataset 'Grocery_and_Gourmet_Food' --random_seed 2 --gpu 0
,"HR@5:0.3908,NDCG@5:0.2781,HR@10:0.5019,NDCG@10:0.3141,HR@20:0.6178,NDCG@20:0.3433,HR@50:0.8224,NDCG@50:0.3838",148,548.6,3,python main.py --model_name DirectAU --emb_size 64 --lr 1e-3 --l2 1e-5 --gamma 0.3 --epoch 500 --dataset 'Grocery_and_Gourmet_Food' --random_seed 3 --gpu 0
,"HR@5:0.3922,NDCG@5:0.2782,HR@10:0.5040,NDCG@10:0.3143,HR@20:0.6180,NDCG@20:0.3430,HR@50:0.8236,NDCG@50:0.3836",93,361.1,4,python main.py --model_name DirectAU --emb_size 64 --lr 1e-3 --l2 1e-5 --gamma 0.3 --epoch 500 --dataset 'Grocery_and_Gourmet_Food' --random_seed 4 --gpu 0
DirectAU,"0.3911,0.2779,0.5037,0.3143,0.6187,0.3433,0.8219,0.3835",,,,
,,,,,
,,,,,
,,,,,
,"HR@5:0.3626,NDCG@5:0.2819,HR@10:0.4426,NDCG@10:0.3077,HR@20:0.5476,NDCG@20:0.3341,HR@50:0.7508,NDCG@50:0.3740",57,206.7,0,python main.py --model_name FPMC --emb_size 64 --lr 1e-3 --l2 1e-6 --history_max 20 --dataset 'Grocery_and_Gourmet_Food' --random_seed 0 --gpu 0
,"HR@5:0.3578,NDCG@5:0.2776,HR@10:0.4406,NDCG@10:0.3042,HR@20:0.5401,NDCG@20:0.3293,HR@50:0.7521,NDCG@50:0.3709",56,206.2,1,python main.py --model_name FPMC --emb_size 64 --lr 1e-3 --l2 1e-6 --history_max 20 --dataset 'Grocery_and_Gourmet_Food' --random_seed 1 --gpu 0
,"HR@5:0.3581,NDCG@5:0.2765,HR@10:0.4389,NDCG@10:0.3026,HR@20:0.5464,NDCG@20:0.3297,HR@50:0.7546,NDCG@50:0.3705",47,184.1,2,python main.py --model_name FPMC --emb_size 64 --lr 1e-3 --l2 1e-6 --history_max 20 --dataset 'Grocery_and_Gourmet_Food' --random_seed 2 --gpu 0
,"HR@5:0.3584,NDCG@5:0.2783,HR@10:0.4383,NDCG@10:0.3041,HR@20:0.5417,NDCG@20:0.3301,HR@50:0.7502,NDCG@50:0.3710",49,188.8,3,python main.py --model_name FPMC --emb_size 64 --lr 1e-3 --l2 1e-6 --history_max 20 --dataset 'Grocery_and_Gourmet_Food' --random_seed 3 --gpu 0
,"HR@5:0.3600,NDCG@5:0.2780,HR@10:0.4380,NDCG@10:0.3031,HR@20:0.5405,NDCG@20:0.3289,HR@50:0.7494,NDCG@50:0.3700",65,231.3,4,python main.py --model_name FPMC --emb_size 64 --lr 1e-3 --l2 1e-6 --history_max 20 --dataset 'Grocery_and_Gourmet_Food' --random_seed 4 --gpu 0
FPMC,"0.3594,0.2785,0.4397,0.3043,0.5433,0.3304,0.7514,0.3713",,,,
,,,,,
,,,,,
,,,,,
,"HR@5:0.3627,NDCG@5:0.2576,HR@10:0.4766,NDCG@10:0.2945,HR@20:0.6021,NDCG@20:0.3261,HR@50:0.8202,NDCG@50:0.3692",35,240.2,0,python main.py --model_name GRU4Rec --emb_size 64 --hidden_size 100 --lr 1e-3 --l2 1e-4 --history_max 20 --dataset 'Grocery_and_Gourmet_Food' --random_seed 0 --gpu 0
,"HR@5:0.3678,NDCG@5:0.2643,HR@10:0.4722,NDCG@10:0.2979,HR@20:0.6013,NDCG@20:0.3305,HR@50:0.8188,NDCG@50:0.3734",34,239.4,1,python main.py --model_name GRU4Rec --emb_size 64 --hidden_size 100 --lr 1e-3 --l2 1e-4 --history_max 20 --dataset 'Grocery_and_Gourmet_Food' --random_seed 1 --gpu 0
,"HR@5:0.3610,NDCG@5:0.2581,HR@10:0.4685,NDCG@10:0.2928,HR@20:0.5910,NDCG@20:0.3237,HR@50:0.8224,NDCG@50:0.3694",67,379.5,2,python main.py --model_name GRU4Rec --emb_size 64 --hidden_size 100 --lr 1e-3 --l2 1e-4 --history_max 20 --dataset 'Grocery_and_Gourmet_Food' --random_seed 2 --gpu 0
,"HR@5:0.3697,NDCG@5:0.2634,HR@10:0.4701,NDCG@10:0.2959,HR@20:0.5988,NDCG@20:0.3283,HR@50:0.8234,NDCG@50:0.3728",36,243.6,3,python main.py --model_name GRU4Rec --emb_size 64 --hidden_size 100 --lr 1e-3 --l2 1e-4 --history_max 20 --dataset 'Grocery_and_Gourmet_Food' --random_seed 3 --gpu 0
,"HR@5:0.3685,NDCG@5:0.2638,HR@10:0.4802,NDCG@10:0.2998,HR@20:0.6072,NDCG@20:0.3317,HR@50:0.8234,NDCG@50:0.3745",32,227.2,4,python main.py --model_name GRU4Rec --emb_size 64 --hidden_size 100 --lr 1e-3 --l2 1e-4 --history_max 20 --dataset 'Grocery_and_Gourmet_Food' --random_seed 4 --gpu 0
GRU4Rec,"0.3659,0.2614,0.4735,0.2962,0.6001,0.3281,0.8216,0.3719",,,,
,,,,,
,,,,,
,,,,,
,"HR@5:0.3638,NDCG@5:0.2595,HR@10:0.4756,NDCG@10:0.2956,HR@20:0.6029,NDCG@20:0.3278,HR@50:0.8239,NDCG@50:0.3715",55,551.5,0,python main.py --model_name NARM --emb_size 64 --hidden_size 100 --attention_size 4 --lr 1e-3 --l2 1e-4 --history_max 20 --dataset 'Grocery_and_Gourmet_Food' --random_seed 0 --gpu 0
,"HR@5:0.3637,NDCG@5:0.2595,HR@10:0.4732,NDCG@10:0.2949,HR@20:0.6061,NDCG@20:0.3284,HR@50:0.8233,NDCG@50:0.3713",36,414.8,1,python main.py --model_name NARM --emb_size 64 --hidden_size 100 --attention_size 4 --lr 1e-3 --l2 1e-4 --history_max 20 --dataset 'Grocery_and_Gourmet_Food' --random_seed 1 --gpu 0
,"HR@5:0.3643,NDCG@5:0.2594,HR@10:0.4758,NDCG@10:0.2954,HR@20:0.6040,NDCG@20:0.3278,HR@50:0.8264,NDCG@50:0.3717",26,339.3,2,python main.py --model_name NARM --emb_size 64 --hidden_size 100 --attention_size 4 --lr 1e-3 --l2 1e-4 --history_max 20 --dataset 'Grocery_and_Gourmet_Food' --random_seed 2 --gpu 0
,"HR@5:0.3704,NDCG@5:0.2678,HR@10:0.4752,NDCG@10:0.3015,HR@20:0.6060,NDCG@20:0.3344,HR@50:0.8232,NDCG@50:0.3774",55,563.4,3,python main.py --model_name NARM --emb_size 64 --hidden_size 100 --attention_size 4 --lr 1e-3 --l2 1e-4 --history_max 20 --dataset 'Grocery_and_Gourmet_Food' --random_seed 3 --gpu 0
,"HR@5:0.3626,NDCG@5:0.2622,HR@10:0.4739,NDCG@10:0.2981,HR@20:0.6045,NDCG@20:0.3309,HR@50:0.8234,NDCG@50:0.3742",63,614.8,4,python main.py --model_name NARM --emb_size 64 --hidden_size 100 --attention_size 4 --lr 1e-3 --l2 1e-4 --history_max 20 --dataset 'Grocery_and_Gourmet_Food' --random_seed 4 --gpu 0
NARM,"0.3650,0.2617,0.4747,0.2971,0.6047,0.3299,0.8240,0.3732",,,,
,,,,,
,,,,,
,,,,,
,"HR@5:0.3568,NDCG@5:0.2515,HR@10:0.4668,NDCG@10:0.2871,HR@20:0.5941,NDCG@20:0.3192,HR@50:0.8217,NDCG@50:0.3642",29,381.9,0,python main.py --model_name Caser --emb_size 64 --L 5 --num_horizon 64 --num_vertical 32 --lr 1e-3 --l2 1e-4 --history_max 20 --dataset 'Grocery_and_Gourmet_Food' --random_seed 0 --gpu 0
,"HR@5:0.3487,NDCG@5:0.2484,HR@10:0.4583,NDCG@10:0.2840,HR@20:0.5862,NDCG@20:0.3162,HR@50:0.8146,NDCG@50:0.3615",58,606.9,1,python main.py --model_name Caser --emb_size 64 --L 5 --num_horizon 64 --num_vertical 32 --lr 1e-3 --l2 1e-4 --history_max 20 --dataset 'Grocery_and_Gourmet_Food' --random_seed 1 --gpu 0
,"HR@5:0.3517,NDCG@5:0.2490,HR@10:0.4623,NDCG@10:0.2848,HR@20:0.5927,NDCG@20:0.3176,HR@50:0.8100,NDCG@50:0.3606",41,484.2,2,python main.py --model_name Caser --emb_size 64 --L 5 --num_horizon 64 --num_vertical 32 --lr 1e-3 --l2 1e-4 --history_max 20 --dataset 'Grocery_and_Gourmet_Food' --random_seed 2 --gpu 0
,"HR@5:0.3515,NDCG@5:0.2494,HR@10:0.4549,NDCG@10:0.2829,HR@20:0.5822,NDCG@20:0.3149,HR@50:0.8167,NDCG@50:0.3614",35,430.9,3,python main.py --model_name Caser --emb_size 64 --L 5 --num_horizon 64 --num_vertical 32 --lr 1e-3 --l2 1e-4 --history_max 20 --dataset 'Grocery_and_Gourmet_Food' --random_seed 3 --gpu 0
,"HR@5:0.3544,NDCG@5:0.2510,HR@10:0.4655,NDCG@10:0.2870,HR@20:0.5944,NDCG@20:0.3195,HR@50:0.8211,NDCG@50:0.3643",49,538.6,4,python main.py --model_name Caser --emb_size 64 --L 5 --num_horizon 64 --num_vertical 32 --lr 1e-3 --l2 1e-4 --history_max 20 --dataset 'Grocery_and_Gourmet_Food' --random_seed 4 --gpu 0
Caser,"0.3526,0.2499,0.4616,0.2852,0.5899,0.3175,0.8168,0.3624",,,,
,,,,,
,,,,,
,,,,,
,"HR@5:0.3910,NDCG@5:0.2947,HR@10:0.4795,NDCG@10:0.3233,HR@20:0.5822,NDCG@20:0.3491,HR@50:0.7699,NDCG@50:0.3862",40,345.8,0,python main.py --model_name SASRec --emb_size 64 --num_layers 1 --num_heads 1 --lr 1e-4 --l2 1e-6 --history_max 20 --dataset 'Grocery_and_Gourmet_Food' --random_seed 0 --gpu 0
,"HR@5:0.3945,NDCG@5:0.2959,HR@10:0.4865,NDCG@10:0.3258,HR@20:0.5893,NDCG@20:0.3517,HR@50:0.7775,NDCG@50:0.3889",38,323.3,1,python main.py --model_name SASRec --emb_size 64 --num_layers 1 --num_heads 1 --lr 1e-4 --l2 1e-6 --history_max 20 --dataset 'Grocery_and_Gourmet_Food' --random_seed 1 --gpu 0
,"HR@5:0.3880,NDCG@5:0.2909,HR@10:0.4818,NDCG@10:0.3212,HR@20:0.5866,NDCG@20:0.3476,HR@50:0.7746,NDCG@50:0.3847",39,326.4,2,python main.py --model_name SASRec --emb_size 64 --num_layers 1 --num_heads 1 --lr 1e-4 --l2 1e-6 --history_max 20 --dataset 'Grocery_and_Gourmet_Food' --random_seed 2 --gpu 0
,"HR@5:0.3936,NDCG@5:0.2958,HR@10:0.4797,NDCG@10:0.3236,HR@20:0.5844,NDCG@20:0.3500,HR@50:0.7760,NDCG@50:0.3878",44,354.2,3,python main.py --model_name SASRec --emb_size 64 --num_layers 1 --num_heads 1 --lr 1e-4 --l2 1e-6 --history_max 20 --dataset 'Grocery_and_Gourmet_Food' --random_seed 3 --gpu 0
,"HR@5:0.3913,NDCG@5:0.2937,HR@10:0.4796,NDCG@10:0.3223,HR@20:0.5850,NDCG@20:0.3488,HR@50:0.7739,NDCG@50:0.3860",41,338.0,4,python main.py --model_name SASRec --emb_size 64 --num_layers 1 --num_heads 1 --lr 1e-4 --l2 1e-6 --history_max 20 --dataset 'Grocery_and_Gourmet_Food' --random_seed 4 --gpu 0
SASRec,"0.3917,0.2942,0.4814,0.3232,0.5855,0.3494,0.7744,0.3867",,,,
,,,,,
,,,,,
,,,,,
,"HR@5:0.4370,NDCG@5:0.3260,HR@10:0.5505,NDCG@10:0.3629,HR@20:0.6498,NDCG@20:0.3881,HR@50:0.7948,NDCG@50:0.4167",70,391.0,0,python main.py --model_name SLRCPlus --emb_size 64 --lr 5e-4 --l2 1e-5 --dataset 'Grocery_and_Gourmet_Food' --random_seed 0 --gpu 0
,"HR@5:0.4392,NDCG@5:0.3272,HR@10:0.5500,NDCG@10:0.3632,HR@20:0.6491,NDCG@20:0.3884,HR@50:0.7974,NDCG@50:0.4176",64,357.6,1,python main.py --model_name SLRCPlus --emb_size 64 --lr 5e-4 --l2 1e-5 --dataset 'Grocery_and_Gourmet_Food' --random_seed 1 --gpu 0
,"HR@5:0.4372,NDCG@5:0.3264,HR@10:0.5536,NDCG@10:0.3643,HR@20:0.6505,NDCG@20:0.3889,HR@50:0.7966,NDCG@50:0.4177",56,326.1,2,python main.py --model_name SLRCPlus --emb_size 64 --lr 5e-4 --l2 1e-5 --dataset 'Grocery_and_Gourmet_Food' --random_seed 2 --gpu 0
,"HR@5:0.4348,NDCG@5:0.3250,HR@10:0.5519,NDCG@10:0.3630,HR@20:0.6513,NDCG@20:0.3882,HR@50:0.7972,NDCG@50:0.4170",63,357.2,3,python main.py --model_name SLRCPlus --emb_size 64 --lr 5e-4 --l2 1e-5 --dataset 'Grocery_and_Gourmet_Food' --random_seed 3 --gpu 0
,"HR@5:0.4396,NDCG@5:0.3270,HR@10:0.5528,NDCG@10:0.3638,HR@20:0.6507,NDCG@20:0.3886,HR@50:0.7971,NDCG@50:0.4175",63,359.3,4,python main.py --model_name SLRCPlus --emb_size 64 --lr 5e-4 --l2 1e-5 --dataset 'Grocery_and_Gourmet_Food' --random_seed 4 --gpu 0
SLRCPlus,"0.4376,0.3263,0.5518,0.3634,0.6503,0.3884,0.7966,0.4173",,,,
,,,,,
,,,,,
,,,,,
,"HR@5:0.3929,NDCG@5:0.2932,HR@10:0.4835,NDCG@10:0.3226,HR@20:0.5926,NDCG@20:0.3500,HR@50:0.7790,NDCG@50:0.3868",37,419.2,0,python main.py --model_name TiSASRec --emb_size 64 --num_layers 1 --num_heads 1 --lr 1e-4 --l2 1e-6 --history_max 20 --dataset 'Grocery_and_Gourmet_Food' --random_seed 0 --gpu 0
,"HR@5:0.3949,NDCG@5:0.2918,HR@10:0.4843,NDCG@10:0.3208,HR@20:0.5877,NDCG@20:0.3469,HR@50:0.7803,NDCG@50:0.3849",36,410.9,1,python main.py --model_name TiSASRec --emb_size 64 --num_layers 1 --num_heads 1 --lr 1e-4 --l2 1e-6 --history_max 20 --dataset 'Grocery_and_Gourmet_Food' --random_seed 1 --gpu 0
,"HR@5:0.3957,NDCG@5:0.2952,HR@10:0.4883,NDCG@10:0.3251,HR@20:0.5910,NDCG@20:0.3510,HR@50:0.7755,NDCG@50:0.3874",38,424.7,2,python main.py --model_name TiSASRec --emb_size 64 --num_layers 1 --num_heads 1 --lr 1e-4 --l2 1e-6 --history_max 20 --dataset 'Grocery_and_Gourmet_Food' --random_seed 2 --gpu 0
,"HR@5:0.3932,NDCG@5:0.2939,HR@10:0.4805,NDCG@10:0.3222,HR@20:0.5863,NDCG@20:0.3488,HR@50:0.7752,NDCG@50:0.3862",45,478.8,3,python main.py --model_name TiSASRec --emb_size 64 --num_layers 1 --num_heads 1 --lr 1e-4 --l2 1e-6 --history_max 20 --dataset 'Grocery_and_Gourmet_Food' --random_seed 3 --gpu 0
,"HR@5:0.3978,NDCG@5:0.2983,HR@10:0.4842,NDCG@10:0.3262,HR@20:0.5899,NDCG@20:0.3529,HR@50:0.7811,NDCG@50:0.3905",46,484.0,4,python main.py --model_name TiSASRec --emb_size 64 --num_layers 1 --num_heads 1 --lr 1e-4 --l2 1e-6 --history_max 20 --dataset 'Grocery_and_Gourmet_Food' --random_seed 4 --gpu 0
TiSASRec,"0.3949,0.2945,0.4842,0.3234,0.5895,0.3499,0.7782,0.3872",,,,
,,,,,
,,,,,
,,,,,
,"HR@5:0.0576,NDCG@5:0.0347,HR@10:0.1117,NDCG@10:0.0520,HR@20:0.2148,NDCG@20:0.0777,HR@50:0.4977,NDCG@50:0.1329",33,315.8,0,python main.py --model_name Chorus --emb_size 64 --margin 1 --lr 5e-4 --l2 1e-5 --epoch 50 --early_stop 0 --batch_size 512 --dataset 'Grocery_and_Gourmet_Food' --stage 1 --random_seed 0 --gpu 0
,"HR@5:0.0601,NDCG@5:0.0365,HR@10:0.1116,NDCG@10:0.0529,HR@20:0.2143,NDCG@20:0.0785,HR@50:0.5079,NDCG@50:0.1358",18,302.1,1,python main.py --model_name Chorus --emb_size 64 --margin 1 --lr 5e-4 --l2 1e-5 --epoch 50 --early_stop 0 --batch_size 512 --dataset 'Grocery_and_Gourmet_Food' --stage 1 --random_seed 1 --gpu 0
,"HR@5:0.0569,NDCG@5:0.0335,HR@10:0.1083,NDCG@10:0.0499,HR@20:0.2103,NDCG@20:0.0755,HR@50:0.5093,NDCG@50:0.1339",39,306.3,2,python main.py --model_name Chorus --emb_size 64 --margin 1 --lr 5e-4 --l2 1e-5 --epoch 50 --early_stop 0 --batch_size 512 --dataset 'Grocery_and_Gourmet_Food' --stage 1 --random_seed 2 --gpu 0
,"HR@5:0.0532,NDCG@5:0.0329,HR@10:0.1054,NDCG@10:0.0495,HR@20:0.2061,NDCG@20:0.0747,HR@50:0.5065,NDCG@50:0.1333",35,306.0,3,python main.py --model_name Chorus --emb_size 64 --margin 1 --lr 5e-4 --l2 1e-5 --epoch 50 --early_stop 0 --batch_size 512 --dataset 'Grocery_and_Gourmet_Food' --stage 1 --random_seed 3 --gpu 0
,"HR@5:0.0575,NDCG@5:0.0352,HR@10:0.1078,NDCG@10:0.0513,HR@20:0.2071,NDCG@20:0.0761,HR@50:0.4902,NDCG@50:0.1314",44,307.4,4,python main.py --model_name Chorus --emb_size 64 --margin 1 --lr 5e-4 --l2 1e-5 --epoch 50 --early_stop 0 --batch_size 512 --dataset 'Grocery_and_Gourmet_Food' --stage 1 --random_seed 4 --gpu 0
Chorus,"0.0571,0.0346,0.1090,0.0511,0.2105,0.0765,0.5023,0.1335",,,,
,,,,,
,,,,,
,,,,,
,"HR@5:0.4658,NDCG@5:0.3407,HR@10:0.5871,NDCG@10:0.3802,HR@20:0.6978,NDCG@20:0.4082,HR@50:0.8588,NDCG@50:0.4401",62,437.8,0,python main.py --model_name Chorus --emb_size 64 --margin 1 --lr_scale 0.1 --lr 1e-3 --l2 0 --dataset 'Grocery_and_Gourmet_Food' --base_method 'BPR' --stage 2 --random_seed 0 --gpu 0
,"HR@5:0.4637,NDCG@5:0.3404,HR@10:0.5866,NDCG@10:0.3804,HR@20:0.6989,NDCG@20:0.4088,HR@50:0.8584,NDCG@50:0.4404",62,447.9,1,python main.py --model_name Chorus --emb_size 64 --margin 1 --lr_scale 0.1 --lr 1e-3 --l2 0 --dataset 'Grocery_and_Gourmet_Food' --base_method 'BPR' --stage 2 --random_seed 1 --gpu 0
,"HR@5:0.4689,NDCG@5:0.3431,HR@10:0.5884,NDCG@10:0.3820,HR@20:0.7004,NDCG@20:0.4102,HR@50:0.8619,NDCG@50:0.4422",54,404.9,2,python main.py --model_name Chorus --emb_size 64 --margin 1 --lr_scale 0.1 --lr 1e-3 --l2 0 --dataset 'Grocery_and_Gourmet_Food' --base_method 'BPR' --stage 2 --random_seed 2 --gpu 0
,"HR@5:0.4660,NDCG@5:0.3409,HR@10:0.5859,NDCG@10:0.3798,HR@20:0.6987,NDCG@20:0.4083,HR@50:0.8591,NDCG@50:0.4401",63,451.3,3,python main.py --model_name Chorus --emb_size 64 --margin 1 --lr_scale 0.1 --lr 1e-3 --l2 0 --dataset 'Grocery_and_Gourmet_Food' --base_method 'BPR' --stage 2 --random_seed 3 --gpu 0
,"HR@5:0.4695,NDCG@5:0.3419,HR@10:0.5859,NDCG@10:0.3796,HR@20:0.7012,NDCG@20:0.4087,HR@50:0.8600,NDCG@50:0.4402",51,386.7,4,python main.py --model_name Chorus --emb_size 64 --margin 1 --lr_scale 0.1 --lr 1e-3 --l2 0 --dataset 'Grocery_and_Gourmet_Food' --base_method 'BPR' --stage 2 --random_seed 4 --gpu 0
Chorus,"0.4668,0.3414,0.5868,0.3804,0.6994,0.4088,0.8596,0.4406",,,,
,,,,,
,,,,,
,,,,,
,"HR@5:0.3742,NDCG@5:0.2662,HR@10:0.4833,NDCG@10:0.3015,HR@20:0.5996,NDCG@20:0.3308,HR@50:0.7965,NDCG@50:0.3697",39,252.8,0,python main.py --model_name ComiRec --emb_size 64 --lr 1e-3 --l2 1e-6 --attn_size 8 --K 4 --add_pos 1 --history_max 20 --dataset 'Grocery_and_Gourmet_Food' --random_seed 0 --gpu 0
,"HR@5:0.3829,NDCG@5:0.2724,HR@10:0.4900,NDCG@10:0.3070,HR@20:0.5984,NDCG@20:0.3343,HR@50:0.7999,NDCG@50:0.3741",44,271.3,1,python main.py --model_name ComiRec --emb_size 64 --lr 1e-3 --l2 1e-6 --attn_size 8 --K 4 --add_pos 1 --history_max 20 --dataset 'Grocery_and_Gourmet_Food' --random_seed 1 --gpu 0
,"HR@5:0.3763,NDCG@5:0.2661,HR@10:0.4865,NDCG@10:0.3019,HR@20:0.6015,NDCG@20:0.3310,HR@50:0.8001,NDCG@50:0.3701",54,312.2,2,python main.py --model_name ComiRec --emb_size 64 --lr 1e-3 --l2 1e-6 --attn_size 8 --K 4 --add_pos 1 --history_max 20 --dataset 'Grocery_and_Gourmet_Food' --random_seed 2 --gpu 0
,"HR@5:0.3764,NDCG@5:0.2690,HR@10:0.4792,NDCG@10:0.3023,HR@20:0.5979,NDCG@20:0.3323,HR@50:0.7997,NDCG@50:0.3721",46,284.2,3,python main.py --model_name ComiRec --emb_size 64 --lr 1e-3 --l2 1e-6 --attn_size 8 --K 4 --add_pos 1 --history_max 20 --dataset 'Grocery_and_Gourmet_Food' --random_seed 3 --gpu 0
,"HR@5:0.3669,NDCG@5:0.2639,HR@10:0.4795,NDCG@10:0.3003,HR@20:0.5932,NDCG@20:0.3290,HR@50:0.7917,NDCG@50:0.3681",54,312.4,4,python main.py --model_name ComiRec --emb_size 64 --lr 1e-3 --l2 1e-6 --attn_size 8 --K 4 --add_pos 1 --history_max 20 --dataset 'Grocery_and_Gourmet_Food' --random_seed 4 --gpu 0
ComiRec,"0.3753,0.2675,0.4837,0.3026,0.5981,0.3315,0.7976,0.3708",,,,
,,,,,
,,,,,
,,,,,
,"HR@5:0.5183,NDCG@5:0.3880,HR@10:0.6293,NDCG@10:0.4240,HR@20:0.7346,NDCG@20:0.4506,HR@50:0.8819,NDCG@50:0.4799",22,385.4,0,python main.py --model_name KDA --emb_size 64 --include_attr 1 --freq_rand 0 --lr 1e-3 --l2 1e-6 --num_heads 4 --history_max 20 --dataset 'Grocery_and_Gourmet_Food' --random_seed 0 --gpu 0
,"HR@5:0.5180,NDCG@5:0.3892,HR@10:0.6304,NDCG@10:0.4257,HR@20:0.7378,NDCG@20:0.4528,HR@50:0.8846,NDCG@50:0.4820",19,359.4,1,python main.py --model_name KDA --emb_size 64 --include_attr 1 --freq_rand 0 --lr 1e-3 --l2 1e-6 --num_heads 4 --history_max 20 --dataset 'Grocery_and_Gourmet_Food' --random_seed 1 --gpu 0
,"HR@5:0.5197,NDCG@5:0.3911,HR@10:0.6295,NDCG@10:0.4268,HR@20:0.7337,NDCG@20:0.4532,HR@50:0.8834,NDCG@50:0.4830",27,435.5,2,python main.py --model_name KDA --emb_size 64 --include_attr 1 --freq_rand 0 --lr 1e-3 --l2 1e-6 --num_heads 4 --history_max 20 --dataset 'Grocery_and_Gourmet_Food' --random_seed 2 --gpu 0
,"HR@5:0.5186,NDCG@5:0.3889,HR@10:0.6297,NDCG@10:0.4250,HR@20:0.7369,NDCG@20:0.4521,HR@50:0.8893,NDCG@50:0.4823",23,402.3,3,python main.py --model_name KDA --emb_size 64 --include_attr 1 --freq_rand 0 --lr 1e-3 --l2 1e-6 --num_heads 4 --history_max 20 --dataset 'Grocery_and_Gourmet_Food' --random_seed 3 --gpu 0
,"HR@5:0.5207,NDCG@5:0.3932,HR@10:0.6264,NDCG@10:0.4273,HR@20:0.7373,NDCG@20:0.4554,HR@50:0.8914,NDCG@50:0.4860",18,351.0,4,python main.py --model_name KDA --emb_size 64 --include_attr 1 --freq_rand 0 --lr 1e-3 --l2 1e-6 --num_heads 4 --history_max 20 --dataset 'Grocery_and_Gourmet_Food' --random_seed 4 --gpu 0
KDA,"0.5191,0.3901,0.6291,0.4258,0.7361,0.4528,0.8861,0.4826",,,,
,,,,,
,,,,,
,,,,,
,"HR@5:0.4249,NDCG@5:0.3281,HR@10:0.5105,NDCG@10:0.3559,HR@20:0.6179,NDCG@20:0.3829,HR@50:0.8152,NDCG@50:0.4218",189,1230.9,0,python main.py --model_name ContraRec --emb_size 64 --lr 1e-4 --l2 1e-6 --history_max 20 --encoder BERT4Rec --gamma 1 --temp 0.2 --batch_size 4096 --dataset 'Grocery_and_Gourmet_Food' --random_seed 0 --gpu 0
,"HR@5:0.4270,NDCG@5:0.3294,HR@10:0.5148,NDCG@10:0.3577,HR@20:0.6254,NDCG@20:0.3856,HR@50:0.8156,NDCG@50:0.4232",169,1157.3,1,python main.py --model_name ContraRec --emb_size 64 --lr 1e-4 --l2 1e-6 --history_max 20 --encoder BERT4Rec --gamma 1 --temp 0.2 --batch_size 4096 --dataset 'Grocery_and_Gourmet_Food' --random_seed 1 --gpu 0
,"HR@5:0.4233,NDCG@5:0.3276,HR@10:0.5109,NDCG@10:0.3559,HR@20:0.6261,NDCG@20:0.3849,HR@50:0.8192,NDCG@50:0.4230",189,1228.1,2,python main.py --model_name ContraRec --emb_size 64 --lr 1e-4 --l2 1e-6 --history_max 20 --encoder BERT4Rec --gamma 1 --temp 0.2 --batch_size 4096 --dataset 'Grocery_and_Gourmet_Food' --random_seed 2 --gpu 0
,"HR@5:0.4243,NDCG@5:0.3281,HR@10:0.5145,NDCG@10:0.3573,HR@20:0.6207,NDCG@20:0.3841,HR@50:0.8122,NDCG@50:0.4219",174,1187.8,3,python main.py --model_name ContraRec --emb_size 64 --lr 1e-4 --l2 1e-6 --history_max 20 --encoder BERT4Rec --gamma 1 --temp 0.2 --batch_size 4096 --dataset 'Grocery_and_Gourmet_Food' --random_seed 3 --gpu 0
,"HR@5:0.4259,NDCG@5:0.3294,HR@10:0.5162,NDCG@10:0.3586,HR@20:0.6247,NDCG@20:0.3859,HR@50:0.8202,NDCG@50:0.4245",193,1225.2,4,python main.py --model_name ContraRec --emb_size 64 --lr 1e-4 --l2 1e-6 --history_max 20 --encoder BERT4Rec --gamma 1 --temp 0.2 --batch_size 4096 --dataset 'Grocery_and_Gourmet_Food' --random_seed 4 --gpu 0
ContraRec,"0.4251,0.3285,0.5134,0.3571,0.6230,0.3847,0.8165,0.4229",,,,
,,,,,
,,,,,
,,,,,
,"HR@5:0.3918,NDCG@5:0.2885,HR@10:0.4875,NDCG@10:0.3195,HR@20:0.5944,NDCG@20:0.3465,HR@50:0.7877,NDCG@50:0.3847",107,790.6,0,python main.py --model_name TiMiRec --emb_size 64 --lr 1e-4 --l2 1e-6 --history_max 20 --K 6 --add_pos 1 --add_trm 1 --stage pretrain --dataset 'Grocery_and_Gourmet_Food' --random_seed 0 --gpu 0
,"HR@5:0.3872,NDCG@5:0.2799,HR@10:0.4874,NDCG@10:0.3124,HR@20:0.5876,NDCG@20:0.3376,HR@50:0.7711,NDCG@50:0.3738",99,774.7,1,python main.py --model_name TiMiRec --emb_size 64 --lr 1e-4 --l2 1e-6 --history_max 20 --K 6 --add_pos 1 --add_trm 1 --stage pretrain --dataset 'Grocery_and_Gourmet_Food' --random_seed 1 --gpu 0
,"HR@5:0.3941,NDCG@5:0.2900,HR@10:0.4906,NDCG@10:0.3213,HR@20:0.5985,NDCG@20:0.3484,HR@50:0.7862,NDCG@50:0.3855",92,736.7,2,python main.py --model_name TiMiRec --emb_size 64 --lr 1e-4 --l2 1e-6 --history_max 20 --K 6 --add_pos 1 --add_trm 1 --stage pretrain --dataset 'Grocery_and_Gourmet_Food' --random_seed 2 --gpu 0
,"HR@5:0.3900,NDCG@5:0.2947,HR@10:0.4808,NDCG@10:0.3240,HR@20:0.5799,NDCG@20:0.3490,HR@50:0.7705,NDCG@50:0.3865",126,951.5,3,python main.py --model_name TiMiRec --emb_size 64 --lr 1e-4 --l2 1e-6 --history_max 20 --K 6 --add_pos 1 --add_trm 1 --stage pretrain --dataset 'Grocery_and_Gourmet_Food' --random_seed 3 --gpu 0
,"HR@5:0.4009,NDCG@5:0.2949,HR@10:0.4956,NDCG@10:0.3257,HR@20:0.6063,NDCG@20:0.3536,HR@50:0.7958,NDCG@50:0.3910",100,816.1,4,python main.py --model_name TiMiRec --emb_size 64 --lr 1e-4 --l2 1e-6 --history_max 20 --K 6 --add_pos 1 --add_trm 1 --stage pretrain --dataset 'Grocery_and_Gourmet_Food' --random_seed 4 --gpu 0
TiMiRec,"0.3928,0.2896,0.4884,0.3206,0.5933,0.3470,0.7823,0.3843",,,,
,,,,,
,,,,,
,,,,,
,"HR@5:0.4063,NDCG@5:0.3087,HR@10:0.4990,NDCG@10:0.3386,HR@20:0.6070,NDCG@20:0.3658,HR@50:0.7955,NDCG@50:0.4030",26,421.5,0,python main.py --model_name TiMiRec --emb_size 64 --lr 1e-4 --l2 1e-6 --history_max 20 --K 6 --add_pos 1 --add_trm 1 --stage finetune --temp 1 --n_layers 1 --check_epoch 10 --dataset 'Grocery_and_Gourmet_Food' --random_seed 0 --gpu 0
,"HR@5:0.3897,NDCG@5:0.2912,HR@10:0.4846,NDCG@10:0.3219,HR@20:0.5947,NDCG@20:0.3497,HR@50:0.7850,NDCG@50:0.3872",34,494.5,1,python main.py --model_name TiMiRec --emb_size 64 --lr 1e-4 --l2 1e-6 --history_max 20 --K 6 --add_pos 1 --add_trm 1 --stage finetune --temp 1 --n_layers 1 --check_epoch 10 --dataset 'Grocery_and_Gourmet_Food' --random_seed 1 --gpu 0
,"HR@5:0.4102,NDCG@5:0.3096,HR@10:0.5081,NDCG@10:0.3413,HR@20:0.6175,NDCG@20:0.3688,HR@50:0.8016,NDCG@50:0.4051",23,395.4,2,python main.py --model_name TiMiRec --emb_size 64 --lr 1e-4 --l2 1e-6 --history_max 20 --K 6 --add_pos 1 --add_trm 1 --stage finetune --temp 1 --n_layers 1 --check_epoch 10 --dataset 'Grocery_and_Gourmet_Food' --random_seed 2 --gpu 0
,"HR@5:0.3870,NDCG@5:0.2884,HR@10:0.4828,NDCG@10:0.3194,HR@20:0.5897,NDCG@20:0.3464,HR@50:0.7840,NDCG@50:0.3847",22,385.7,3,python main.py --model_name TiMiRec --emb_size 64 --lr 1e-4 --l2 1e-6 --history_max 20 --K 6 --add_pos 1 --add_trm 1 --stage finetune --temp 1 --n_layers 1 --check_epoch 10 --dataset 'Grocery_and_Gourmet_Food' --random_seed 3 --gpu 0
,"HR@5:0.4170,NDCG@5:0.3099,HR@10:0.5141,NDCG@10:0.3413,HR@20:0.6220,NDCG@20:0.3685,HR@50:0.8089,NDCG@50:0.4054",12,299.3,4,python main.py --model_name TiMiRec --emb_size 64 --lr 1e-4 --l2 1e-6 --history_max 20 --K 6 --add_pos 1 --add_trm 1 --stage finetune --temp 1 --n_layers 1 --check_epoch 10 --dataset 'Grocery_and_Gourmet_Food' --random_seed 4 --gpu 0
TiMiRec,"0.4020,0.3016,0.4977,0.3325,0.6062,0.3598,0.7950,0.3971",,,,
,,,,,
,,,,,
,,,,,
